{"stats":{"minecraft:custom":{"minecraft:time_since_rest":33683,"minecraft:crouch_one_cm":334,"minecraft:sprint_one_cm":2869,"minecraft:play_time":33683,"minecraft:walk_one_cm":8633,"minecraft:sneak_time":2561,"minecraft:walk_under_water_one_cm":5013,"minecraft:aviate_one_cm":78025,"minecraft:jump":115,"minecraft:leave_game":12,"minecraft:walk_on_water_one_cm":63,"minecraft:time_since_death":33683,"minecraft:total_world_time":45540,"minecraft:fall_one_cm":211,"minecraft:fly_one_cm":284981},"minecraft:used":{"minecraft:structure_block":1,"minecraft:bedrock":1,"minecraft:sea_lantern":1,"minecraft:firework_rocket":1,"minecraft:quartz_pillar":1,"minecraft:prismarine_brick_stairs":2,"minecraft:chain_command_block":1,"minecraft:acacia_leaves":4,"minecraft:repeating_command_block":1,"minecraft:stone":1,"minecraft:smooth_quartz":7,"minecraft:spruce_sign":1}},"DataVersion":2860}