{
	"texture": "skybox:day.png",
	"vertex": [
		{ "x": "-1", "y": " 1", "z": "-1", "uv_x": "0.3333333333", "uv_y": "0.5" },
		{ "x": "-1", "y": " 1", "z": " 1", "uv_x": "0", "uv_y": "0.5" },
		{ "x": "-1", "y": "-1", "z": " 1", "uv_x": "0", "uv_y": "1" },
		{ "x": "-1", "y": "-1", "z": "-1", "uv_x": "0.3333333333", "uv_y": "1" },
		
		{ "x": "-1", "y": " 1", "z": " 1", "uv_x": "1", "uv_y": "0" },
		{ "x": " 1", "y": " 1", "z": " 1", "uv_x": "0.6666666666", "uv_y": "0" },
		{ "x": " 1", "y": "-1", "z": " 1", "uv_x": "0.6666666666", "uv_y": "0.5" },
		{ "x": "-1", "y": "-1", "z": " 1", "uv_x": "1", "uv_y": "0.5" },
		
		{ "x": " 1", "y": " 1", "z": " 1", "uv_x": "1", "uv_y": "0.5" },
		{ "x": " 1", "y": " 1", "z": "-1", "uv_x": "0.6666666666", "uv_y": "0.5" },
		{ "x": " 1", "y": "-1", "z": "-1", "uv_x": "0.6666666666", "uv_y": "1" },
		{ "x": " 1", "y": "-1", "z": " 1", "uv_x": "1", "uv_y": "1" },
		
		{ "x": " 1", "y": " 1", "z": "-1", "uv_x": "0.6666666666", "uv_y": "0.5" },
		{ "x": "-1", "y": " 1", "z": "-1", "uv_x": "0.3333333333", "uv_y": "0.5" },
		{ "x": "-1", "y": "-1", "z": "-1", "uv_x": "0.3333333333", "uv_y": "1" },
		{ "x": " 1", "y": "-1", "z": "-1", "uv_x": "0.6666666666", "uv_y": "1" },
		
		{ "x": " 1", "y": " 1", "z": " 1", "uv_x": "0.6666666666", "uv_y": "0" },
		{ "x": "-1", "y": " 1", "z": " 1", "uv_x": "0.3333333333", "uv_y": "0" },
		{ "x": "-1", "y": " 1", "z": "-1", "uv_x": "0.3333333333", "uv_y": "0.5" },
		{ "x": " 1", "y": " 1", "z": "-1", "uv_x": "0.6666666666", "uv_y": "0.5" },
		
		{ "x": " 1", "y": "-1", "z": "-1", "uv_x": "0.3333333333", "uv_y": "0" },
		{ "x": "-1", "y": "-1", "z": "-1", "uv_x": "0", "uv_y": "0" },
		{ "x": "-1", "y": "-1", "z": " 1", "uv_x": "0", "uv_y": "0.5" },
		{ "x": " 1", "y": "-1", "z": " 1", "uv_x": "0.3333333333", "uv_y": "0.5" }
	],
	"rotation": {
		"degrees_x": "0",
		"degrees_y": "worldTime*(360/24000)*0.866",
		"degrees_z": "0",
		"base_degrees_x": "0",
		"base_degrees_y": "0",
		"base_degrees_z": "0"
	},
	"properties": {
		"is_solid": false,
		"blend": true,
		"alpha": "0.35 * day_fade * (1-rainAlpha)"
	}
}